{"cameraMode":{"drawMode":0,"name":"Shaded","section":"Shading Mode"},"sceneLighting":true,"audioPlay":false,"sceneViewState":{"m_AlwaysRefresh":false,"showFog":true,"showSkybox":true,"showFlares":true,"showImageEffects":true,"showParticleSystems":true,"showVisualEffectGraphs":true,"m_FxEnabled":true},"in2DMode":false,"pivot":{"x":3.997030258178711,"y":0.36948466300964358,"z":-3.836987018585205},"rotation":{"x":-0.06687647849321366,"y":-0.5613309741020203,"z":0.04554804414510727,"w":-0.8236799240112305},"size":15.183443069458008,"orthographic":false}